{"data":[{"Properties":{"domain":"SEVENKINGDOMS.LOCAL","name":"KINGSLANDING.SEVENKINGDOMS.LOCAL","distinguishedname":"CN=KINGSLANDING,OU=DOMAIN CONTROLLERS,DC=SEVENKINGDOMS,DC=LOCAL","domainsid":"S-1-5-21-1032618810-739172636-1489167904","samaccountname":"KINGSLANDING$","haslaps":false,"isaclprotected":false,"description":null,"whencreated":1712581323,"enabled":true,"unconstraineddelegation":true,"trustedtoauth":false,"isdc":true,"lastlogon":1712756720,"lastlogontimestamp":1712606563,"pwdlastset":1712606539,"serviceprincipalnames":["Dfsr-12F9A27C-BF97-4787-9364-D31B6C55EB04/kingslanding.sevenkingdoms.local","ldap/kingslanding.sevenkingdoms.local/ForestDnsZones.sevenkingdoms.local","ldap/kingslanding.sevenkingdoms.local/DomainDnsZones.sevenkingdoms.local","TERMSRV/KINGSLANDING","TERMSRV/kingslanding.sevenkingdoms.local","DNS/kingslanding.sevenkingdoms.local","GC/kingslanding.sevenkingdoms.local/sevenkingdoms.local","RestrictedKrbHost/kingslanding.sevenkingdoms.local","RestrictedKrbHost/KINGSLANDING","RPC/b2654cbd-098c-4971-9b47-fef0fdfbb3e5._msdcs.sevenkingdoms.local","HOST/KINGSLANDING/SEVENKINGDOMS","HOST/kingslanding.sevenkingdoms.local/SEVENKINGDOMS","HOST/KINGSLANDING","HOST/kingslanding.sevenkingdoms.local","HOST/kingslanding.sevenkingdoms.local/sevenkingdoms.local","E3514235-4B06-11D1-AB04-00C04FC2DCD2/b2654cbd-098c-4971-9b47-fef0fdfbb3e5/sevenkingdoms.local","ldap/KINGSLANDING/SEVENKINGDOMS","ldap/b2654cbd-098c-4971-9b47-fef0fdfbb3e5._msdcs.sevenkingdoms.local","ldap/kingslanding.sevenkingdoms.local/SEVENKINGDOMS","ldap/KINGSLANDING","ldap/kingslanding.sevenkingdoms.local","ldap/kingslanding.sevenkingdoms.local/sevenkingdoms.local"],"email":null,"operatingsystem":"Windows Server 2019 Datacenter Evaluation","sidhistory":[]},"PrimaryGroupSID":"S-1-5-21-1032618810-739172636-1489167904-516","AllowedToDelegate":[],"AllowedToAct":[],"HasSIDHistory":[],"DumpSMSAPassword":[],"Sessions":{"Results":[],"Collected":false,"FailureReason":"ErrorAccessDenied"},"PrivilegedSessions":{"Results":[],"Collected":false,"FailureReason":"ErrorAccessDenied"},"RegistrySessions":{"Results":[],"Collected":true,"FailureReason":null},"LocalGroups":[{"ObjectIdentifier":"SEVENKINGDOMS.LOCAL-S-1-5-32-549","Name":"IGNOREME","Results":[],"LocalNames":[],"Collected":true,"FailureReason":null},{"ObjectIdentifier":"SEVENKINGDOMS.LOCAL-S-1-5-32-548","Name":"IGNOREME","Results":[],"LocalNames":[],"Collected":true,"FailureReason":null},{"ObjectIdentifier":"SEVENKINGDOMS.LOCAL-S-1-5-32-554","Name":"IGNOREME","Results":[{"ObjectIdentifier":"SEVENKINGDOMS.LOCAL-S-1-5-11","ObjectType":"Group"},{"ObjectIdentifier":"S-1-5-21-1032618810-739172636-1489167904-1001","ObjectType":"Computer"}],"LocalNames":[],"Collected":true,"FailureReason":null},{"ObjectIdentifier":"SEVENKINGDOMS.LOCAL-S-1-5-32-557","Name":"IGNOREME","Results":[],"LocalNames":[],"Collected":true,"FailureReason":null},{"ObjectIdentifier":"SEVENKINGDOMS.LOCAL-S-1-5-32-560","Name":"IGNOREME","Results":[{"ObjectIdentifier":"SEVENKINGDOMS.LOCAL-S-1-5-9","ObjectType":"Group"}],"LocalNames":[],"Collected":true,"FailureReason":null},{"ObjectIdentifier":"SEVENKINGDOMS.LOCAL-S-1-5-32-561","Name":"IGNOREME","Results":[],"LocalNames":[],"Collected":true,"FailureReason":null},{"ObjectIdentifier":"SEVENKINGDOMS.LOCAL-S-1-5-32-544","Name":"IGNOREME","Results":[{"ObjectIdentifier":"S-1-5-21-1032618810-739172636-1489167904-500","ObjectType":"User"},{"ObjectIdentifier":"S-1-5-21-1032618810-739172636-1489167904-1000","ObjectType":"User"},{"ObjectIdentifier":"S-1-5-21-1032618810-739172636-1489167904-519","ObjectType":"Base"},{"ObjectIdentifier":"S-1-5-21-1032618810-739172636-1489167904-512","ObjectType":"Group"},{"ObjectIdentifier":"S-1-5-21-1032618810-739172636-1489167904-1111","ObjectType":"Group"},{"ObjectIdentifier":"S-1-5-21-1032618810-739172636-1489167904-1115","ObjectType":"User"},{"ObjectIdentifier":"S-1-5-21-1032618810-739172636-1489167904-1117","ObjectType":"User"}],"LocalNames":[],"Collected":true,"FailureReason":null},{"ObjectIdentifier":"SEVENKINGDOMS.LOCAL-S-1-5-32-545","Name":"IGNOREME","Results":[{"ObjectIdentifier":"S-1-5-21-1032618810-739172636-1489167904-1000","ObjectType":"User"},{"ObjectIdentifier":"SEVENKINGDOMS.LOCAL-S-1-5-11","ObjectType":"Group"},{"ObjectIdentifier":"S-1-5-21-1032618810-739172636-1489167904-513","ObjectType":"Group"}],"LocalNames":[],"Collected":true,"FailureReason":null},{"ObjectIdentifier":"SEVENKINGDOMS.LOCAL-S-1-5-32-546","Name":"IGNOREME","Results":[{"ObjectIdentifier":"S-1-5-21-1032618810-739172636-1489167904-501","ObjectType":"User"},{"ObjectIdentifier":"S-1-5-21-1032618810-739172636-1489167904-514","ObjectType":"Group"}],"LocalNames":[],"Collected":true,"FailureReason":null},{"ObjectIdentifier":"SEVENKINGDOMS.LOCAL-S-1-5-32-550","Name":"IGNOREME","Results":[],"LocalNames":[],"Collected":true,"FailureReason":null},{"ObjectIdentifier":"SEVENKINGDOMS.LOCAL-S-1-5-32-551","Name":"IGNOREME","Results":[],"LocalNames":[],"Collected":true,"FailureReason":null},{"ObjectIdentifier":"SEVENKINGDOMS.LOCAL-S-1-5-32-552","Name":"IGNOREME","Results":[],"LocalNames":[],"Collected":true,"FailureReason":null},{"ObjectIdentifier":"SEVENKINGDOMS.LOCAL-S-1-5-32-555","Name":"IGNOREME","Results":[{"ObjectIdentifier":"S-1-5-21-1032618810-739172636-1489167904-1107","ObjectType":"Group"},{"ObjectIdentifier":"S-1-5-21-1032618810-739172636-1489167904-1108","ObjectType":"Group"}],"LocalNames":[],"Collected":true,"FailureReason":null},{"ObjectIdentifier":"SEVENKINGDOMS.LOCAL-S-1-5-32-556","Name":"IGNOREME","Results":[],"LocalNames":[],"Collected":true,"FailureReason":null},{"ObjectIdentifier":"SEVENKINGDOMS.LOCAL-S-1-5-32-558","Name":"IGNOREME","Results":[],"LocalNames":[],"Collected":true,"FailureReason":null},{"ObjectIdentifier":"SEVENKINGDOMS.LOCAL-S-1-5-32-559","Name":"IGNOREME","Results":[],"LocalNames":[],"Collected":true,"FailureReason":null},{"ObjectIdentifier":"SEVENKINGDOMS.LOCAL-S-1-5-32-562","Name":"IGNOREME","Results":[],"LocalNames":[],"Collected":true,"FailureReason":null},{"ObjectIdentifier":"SEVENKINGDOMS.LOCAL-S-1-5-32-568","Name":"IGNOREME","Results":[],"LocalNames":[],"Collected":true,"FailureReason":null},{"ObjectIdentifier":"SEVENKINGDOMS.LOCAL-S-1-5-32-569","Name":"IGNOREME","Results":[],"LocalNames":[],"Collected":true,"FailureReason":null},{"ObjectIdentifier":"SEVENKINGDOMS.LOCAL-S-1-5-32-573","Name":"IGNOREME","Results":[],"LocalNames":[],"Collected":true,"FailureReason":null},{"ObjectIdentifier":"SEVENKINGDOMS.LOCAL-S-1-5-32-574","Name":"IGNOREME","Results":[{"ObjectIdentifier":"SEVENKINGDOMS.LOCAL-S-1-5-11","ObjectType":"Group"}],"LocalNames":[],"Collected":true,"FailureReason":null},{"ObjectIdentifier":"SEVENKINGDOMS.LOCAL-S-1-5-32-575","Name":"IGNOREME","Results":[],"LocalNames":[],"Collected":true,"FailureReason":null},{"ObjectIdentifier":"SEVENKINGDOMS.LOCAL-S-1-5-32-576","Name":"IGNOREME","Results":[],"LocalNames":[],"Collected":true,"FailureReason":null},{"ObjectIdentifier":"SEVENKINGDOMS.LOCAL-S-1-5-32-577","Name":"IGNOREME","Results":[],"LocalNames":[],"Collected":true,"FailureReason":null},{"ObjectIdentifier":"SEVENKINGDOMS.LOCAL-S-1-5-32-578","Name":"IGNOREME","Results":[],"LocalNames":[],"Collected":true,"FailureReason":null},{"ObjectIdentifier":"SEVENKINGDOMS.LOCAL-S-1-5-32-579","Name":"IGNOREME","Results":[],"LocalNames":[],"Collected":true,"FailureReason":null},{"ObjectIdentifier":"SEVENKINGDOMS.LOCAL-S-1-5-32-580","Name":"IGNOREME","Results":[],"LocalNames":[],"Collected":true,"FailureReason":null},{"ObjectIdentifier":"SEVENKINGDOMS.LOCAL-S-1-5-32-582","Name":"IGNOREME","Results":[],"LocalNames":[],"Collected":true,"FailureReason":null}],"UserRights":[{"Privilege":"SeRemoteInteractiveLogonRight","Results":[],"LocalNames":[],"Collected":false,"FailureReason":"LSAEnumerateAccountsWithUserRights returned StatusAccessDenied"}],"DCRegistryData":{"CertificateMappingMethods":{"Value":0,"Collected":false,"FailureReason":"User does not have the proper permissions to perform this operation"},"StrongCertificateBindingEnforcement":{"Value":0,"Collected":false,"FailureReason":"User does not have the proper permissions to perform this operation"}},"Status":null,"IsDC":true,"DomainSID":"S-1-5-21-1032618810-739172636-1489167904","Aces":[{"PrincipalSID":"S-1-5-21-1032618810-739172636-1489167904-512","PrincipalType":"Group","RightName":"Owns","IsInherited":false},{"PrincipalSID":"S-1-5-21-1032618810-739172636-1489167904-512","PrincipalType":"Group","RightName":"GenericAll","IsInherited":false},{"PrincipalSID":"S-1-5-21-1032618810-739172636-1489167904-1112","PrincipalType":"Group","RightName":"GenericAll","IsInherited":false},{"PrincipalSID":"S-1-5-21-1032618810-739172636-1489167904-1120","PrincipalType":"User","RightName":"GenericAll","IsInherited":false},{"PrincipalSID":"S-1-5-21-1032618810-739172636-1489167904-526","PrincipalType":"Group","RightName":"AddKeyCredentialLink","IsInherited":true},{"PrincipalSID":"S-1-5-21-1032618810-739172636-1489167904-527","PrincipalType":"Base","RightName":"AddKeyCredentialLink","IsInherited":true},{"PrincipalSID":"S-1-5-21-1032618810-739172636-1489167904-519","PrincipalType":"Base","RightName":"GenericAll","IsInherited":true},{"PrincipalSID":"SEVENKINGDOMS.LOCAL-S-1-5-32-544","PrincipalType":"Group","RightName":"WriteDacl","IsInherited":true},{"PrincipalSID":"SEVENKINGDOMS.LOCAL-S-1-5-32-544","PrincipalType":"Group","RightName":"WriteOwner","IsInherited":true},{"PrincipalSID":"SEVENKINGDOMS.LOCAL-S-1-5-32-544","PrincipalType":"Group","RightName":"GenericWrite","IsInherited":true}],"ObjectIdentifier":"S-1-5-21-1032618810-739172636-1489167904-1001","IsDeleted":false,"IsACLProtected":false,"ContainedBy":{"ObjectIdentifier":"9752D645-5CB2-4C29-816A-16004F72596D","ObjectType":"OU"}}],"meta":{"methods":521215,"type":"computers","count":1,"version":6}}