{"data":[{"Properties":{"domain":"ESSOS.LOCAL","name":"BRAAVOS.ESSOS.LOCAL","distinguishedname":"CN=BRAAVOS,OU=LAPS,DC=ESSOS,DC=LOCAL","domainsid":"S-1-5-21-2158876063-2930955257-1391117225","samaccountname":"BRAAVOS$","haslaps":true,"isaclprotected":false,"description":null,"whencreated":1712582917,"enabled":true,"unconstraineddelegation":false,"trustedtoauth":false,"isdc":false,"lastlogon":1712762869,"lastlogontimestamp":1712608117,"pwdlastset":1712608117,"serviceprincipalnames":["TERMSRV/BRAAVOS","TERMSRV/braavos.essos.local","WSMAN/braavos","WSMAN/braavos.essos.local","RestrictedKrbHost/BRAAVOS","HOST/BRAAVOS","RestrictedKrbHost/braavos.essos.local","HOST/braavos.essos.local"],"email":null,"operatingsystem":"Windows Server 2016 Standard Evaluation","sidhistory":[]},"PrimaryGroupSID":"S-1-5-21-2158876063-2930955257-1391117225-515","AllowedToDelegate":[],"AllowedToAct":[],"HasSIDHistory":[],"DumpSMSAPassword":[],"Sessions":{"Results":[],"Collected":true,"FailureReason":null},"PrivilegedSessions":{"Results":[],"Collected":false,"FailureReason":"ErrorAccessDenied"},"RegistrySessions":{"Results":[{"UserSID":"S-1-5-21-2158876063-2930955257-1391117225-1118","ComputerSID":"S-1-5-21-2158876063-2930955257-1391117225-1104"}],"Collected":true,"FailureReason":null},"LocalGroups":[],"UserRights":[{"Privilege":"SeRemoteInteractiveLogonRight","Results":[],"LocalNames":[],"Collected":false,"FailureReason":"LSAEnumerateAccountsWithUserRights returned StatusAccessDenied"}],"DCRegistryData":{"CertificateMappingMethods":null,"StrongCertificateBindingEnforcement":null},"Status":null,"IsDC":false,"DomainSID":"S-1-5-21-2158876063-2930955257-1391117225","Aces":[{"PrincipalSID":"S-1-5-21-2158876063-2930955257-1391117225-512","PrincipalType":"Group","RightName":"Owns","IsInherited":false},{"PrincipalSID":"ESSOS.LOCAL-S-1-5-32-548","PrincipalType":"Group","RightName":"GenericAll","IsInherited":false},{"PrincipalSID":"S-1-5-21-2158876063-2930955257-1391117225-512","PrincipalType":"Group","RightName":"GenericAll","IsInherited":false},{"PrincipalSID":"S-1-5-21-2158876063-2930955257-1391117225-526","PrincipalType":"Group","RightName":"AddKeyCredentialLink","IsInherited":true},{"PrincipalSID":"S-1-5-21-2158876063-2930955257-1391117225-527","PrincipalType":"Group","RightName":"AddKeyCredentialLink","IsInherited":true},{"PrincipalSID":"S-1-5-21-2158876063-2930955257-1391117225-519","PrincipalType":"Group","RightName":"GenericAll","IsInherited":true},{"PrincipalSID":"ESSOS.LOCAL-S-1-5-32-544","PrincipalType":"Group","RightName":"WriteDacl","IsInherited":true},{"PrincipalSID":"ESSOS.LOCAL-S-1-5-32-544","PrincipalType":"Group","RightName":"WriteOwner","IsInherited":true},{"PrincipalSID":"ESSOS.LOCAL-S-1-5-32-544","PrincipalType":"Group","RightName":"AllExtendedRights","IsInherited":true},{"PrincipalSID":"ESSOS.LOCAL-S-1-5-32-544","PrincipalType":"Group","RightName":"GenericWrite","IsInherited":true}],"ObjectIdentifier":"S-1-5-21-2158876063-2930955257-1391117225-1104","IsDeleted":false,"IsACLProtected":false,"ContainedBy":{"ObjectIdentifier":"7C66E9D9-2633-4781-86FB-D646AB0CD590","ObjectType":"OU"}},{"Properties":{"domain":"ESSOS.LOCAL","name":"MEEREEN.ESSOS.LOCAL","distinguishedname":"CN=MEEREEN,OU=DOMAIN CONTROLLERS,DC=ESSOS,DC=LOCAL","domainsid":"S-1-5-21-2158876063-2930955257-1391117225","samaccountname":"MEEREEN$","haslaps":false,"isaclprotected":false,"description":null,"whencreated":1712581320,"enabled":true,"unconstraineddelegation":true,"trustedtoauth":false,"isdc":true,"lastlogon":1712756710,"lastlogontimestamp":1712606564,"pwdlastset":1712606546,"serviceprincipalnames":["TERMSRV/MEEREEN","TERMSRV/meereen.essos.local","Dfsr-12F9A27C-BF97-4787-9364-D31B6C55EB04/meereen.essos.local","ldap/meereen.essos.local/ForestDnsZones.essos.local","ldap/meereen.essos.local/DomainDnsZones.essos.local","DNS/meereen.essos.local","GC/meereen.essos.local/essos.local","RestrictedKrbHost/meereen.essos.local","RestrictedKrbHost/MEEREEN","RPC/0f94183b-899a-4395-9263-c992a0922723._msdcs.essos.local","HOST/MEEREEN/ESSOS","HOST/meereen.essos.local/ESSOS","HOST/MEEREEN","HOST/meereen.essos.local","HOST/meereen.essos.local/essos.local","E3514235-4B06-11D1-AB04-00C04FC2DCD2/0f94183b-899a-4395-9263-c992a0922723/essos.local","ldap/MEEREEN/ESSOS","ldap/0f94183b-899a-4395-9263-c992a0922723._msdcs.essos.local","ldap/meereen.essos.local/ESSOS","ldap/MEEREEN","ldap/meereen.essos.local","ldap/meereen.essos.local/essos.local"],"email":null,"operatingsystem":"Windows Server 2016 Standard Evaluation","sidhistory":[]},"PrimaryGroupSID":"S-1-5-21-2158876063-2930955257-1391117225-516","AllowedToDelegate":[],"AllowedToAct":[],"HasSIDHistory":[],"DumpSMSAPassword":[],"Sessions":{"Results":[],"Collected":true,"FailureReason":null},"PrivilegedSessions":{"Results":[],"Collected":false,"FailureReason":"ErrorAccessDenied"},"RegistrySessions":{"Results":[],"Collected":true,"FailureReason":null},"LocalGroups":[{"ObjectIdentifier":"ESSOS.LOCAL-S-1-5-32-549","Name":"IGNOREME","Results":[],"LocalNames":[],"Collected":true,"FailureReason":null},{"ObjectIdentifier":"ESSOS.LOCAL-S-1-5-32-548","Name":"IGNOREME","Results":[],"LocalNames":[],"Collected":true,"FailureReason":null},{"ObjectIdentifier":"ESSOS.LOCAL-S-1-5-32-554","Name":"IGNOREME","Results":[{"ObjectIdentifier":"ESSOS.LOCAL-S-1-5-11","ObjectType":"Group"},{"ObjectIdentifier":"S-1-5-21-2158876063-2930955257-1391117225-1104","ObjectType":"Computer"}],"LocalNames":[],"Collected":true,"FailureReason":null},{"ObjectIdentifier":"ESSOS.LOCAL-S-1-5-32-557","Name":"IGNOREME","Results":[],"LocalNames":[],"Collected":true,"FailureReason":null},{"ObjectIdentifier":"ESSOS.LOCAL-S-1-5-32-560","Name":"IGNOREME","Results":[{"ObjectIdentifier":"ESSOS.LOCAL-S-1-5-9","ObjectType":"Group"}],"LocalNames":[],"Collected":true,"FailureReason":null},{"ObjectIdentifier":"ESSOS.LOCAL-S-1-5-32-561","Name":"IGNOREME","Results":[],"LocalNames":[],"Collected":true,"FailureReason":null},{"ObjectIdentifier":"ESSOS.LOCAL-S-1-5-32-544","Name":"IGNOREME","Results":[{"ObjectIdentifier":"S-1-5-21-2158876063-2930955257-1391117225-500","ObjectType":"User"},{"ObjectIdentifier":"S-1-5-21-2158876063-2930955257-1391117225-1000","ObjectType":"User"},{"ObjectIdentifier":"S-1-5-21-2158876063-2930955257-1391117225-519","ObjectType":"Group"},{"ObjectIdentifier":"S-1-5-21-2158876063-2930955257-1391117225-512","ObjectType":"Group"},{"ObjectIdentifier":"S-1-5-21-2158876063-2930955257-1391117225-1112","ObjectType":"Base"}],"LocalNames":[],"Collected":true,"FailureReason":null},{"ObjectIdentifier":"ESSOS.LOCAL-S-1-5-32-545","Name":"IGNOREME","Results":[{"ObjectIdentifier":"S-1-5-21-2158876063-2930955257-1391117225-1000","ObjectType":"User"},{"ObjectIdentifier":"ESSOS.LOCAL-S-1-5-11","ObjectType":"Group"},{"ObjectIdentifier":"S-1-5-21-2158876063-2930955257-1391117225-513","ObjectType":"Group"}],"LocalNames":[],"Collected":true,"FailureReason":null},{"ObjectIdentifier":"ESSOS.LOCAL-S-1-5-32-546","Name":"IGNOREME","Results":[{"ObjectIdentifier":"S-1-5-21-2158876063-2930955257-1391117225-501","ObjectType":"User"},{"ObjectIdentifier":"S-1-5-21-2158876063-2930955257-1391117225-514","ObjectType":"Group"}],"LocalNames":[],"Collected":true,"FailureReason":null},{"ObjectIdentifier":"ESSOS.LOCAL-S-1-5-32-550","Name":"IGNOREME","Results":[],"LocalNames":[],"Collected":true,"FailureReason":null},{"ObjectIdentifier":"ESSOS.LOCAL-S-1-5-32-551","Name":"IGNOREME","Results":[],"LocalNames":[],"Collected":true,"FailureReason":null},{"ObjectIdentifier":"ESSOS.LOCAL-S-1-5-32-552","Name":"IGNOREME","Results":[],"LocalNames":[],"Collected":true,"FailureReason":null},{"ObjectIdentifier":"ESSOS.LOCAL-S-1-5-32-555","Name":"IGNOREME","Results":[{"ObjectIdentifier":"S-1-5-21-2158876063-2930955257-1391117225-1106","ObjectType":"Group"}],"LocalNames":[],"Collected":true,"FailureReason":null},{"ObjectIdentifier":"ESSOS.LOCAL-S-1-5-32-556","Name":"IGNOREME","Results":[],"LocalNames":[],"Collected":true,"FailureReason":null},{"ObjectIdentifier":"ESSOS.LOCAL-S-1-5-32-558","Name":"IGNOREME","Results":[],"LocalNames":[],"Collected":true,"FailureReason":null},{"ObjectIdentifier":"ESSOS.LOCAL-S-1-5-32-559","Name":"IGNOREME","Results":[],"LocalNames":[],"Collected":true,"FailureReason":null},{"ObjectIdentifier":"ESSOS.LOCAL-S-1-5-32-562","Name":"IGNOREME","Results":[],"LocalNames":[],"Collected":true,"FailureReason":null},{"ObjectIdentifier":"ESSOS.LOCAL-S-1-5-32-568","Name":"IGNOREME","Results":[{"ObjectIdentifier":"ESSOS.LOCAL-S-1-5-17","ObjectType":"Group"}],"LocalNames":[],"Collected":true,"FailureReason":null},{"ObjectIdentifier":"ESSOS.LOCAL-S-1-5-32-569","Name":"IGNOREME","Results":[],"LocalNames":[],"Collected":true,"FailureReason":null},{"ObjectIdentifier":"ESSOS.LOCAL-S-1-5-32-573","Name":"IGNOREME","Results":[],"LocalNames":[],"Collected":true,"FailureReason":null},{"ObjectIdentifier":"ESSOS.LOCAL-S-1-5-32-574","Name":"IGNOREME","Results":[],"LocalNames":[],"Collected":true,"FailureReason":null},{"ObjectIdentifier":"ESSOS.LOCAL-S-1-5-32-575","Name":"IGNOREME","Results":[],"LocalNames":[],"Collected":true,"FailureReason":null},{"ObjectIdentifier":"ESSOS.LOCAL-S-1-5-32-576","Name":"IGNOREME","Results":[],"LocalNames":[],"Collected":true,"FailureReason":null},{"ObjectIdentifier":"ESSOS.LOCAL-S-1-5-32-577","Name":"IGNOREME","Results":[],"LocalNames":[],"Collected":true,"FailureReason":null},{"ObjectIdentifier":"ESSOS.LOCAL-S-1-5-32-578","Name":"IGNOREME","Results":[],"LocalNames":[],"Collected":true,"FailureReason":null},{"ObjectIdentifier":"ESSOS.LOCAL-S-1-5-32-579","Name":"IGNOREME","Results":[],"LocalNames":[],"Collected":true,"FailureReason":null},{"ObjectIdentifier":"ESSOS.LOCAL-S-1-5-32-580","Name":"IGNOREME","Results":[],"LocalNames":[],"Collected":true,"FailureReason":null},{"ObjectIdentifier":"ESSOS.LOCAL-S-1-5-32-581","Name":"IGNOREME","Results":[{"ObjectIdentifier":"S-1-5-21-2158876063-2930955257-1391117225-503","ObjectType":"User"}],"LocalNames":[],"Collected":true,"FailureReason":null},{"ObjectIdentifier":"ESSOS.LOCAL-S-1-5-32-582","Name":"IGNOREME","Results":[],"LocalNames":[],"Collected":true,"FailureReason":null}],"UserRights":[{"Privilege":"SeRemoteInteractiveLogonRight","Results":[],"LocalNames":[],"Collected":false,"FailureReason":"LSAEnumerateAccountsWithUserRights returned StatusAccessDenied"}],"DCRegistryData":{"CertificateMappingMethods":{"Value":0,"Collected":false,"FailureReason":"User does not have the proper permissions to perform this operation"},"StrongCertificateBindingEnforcement":{"Value":0,"Collected":false,"FailureReason":"User does not have the proper permissions to perform this operation"}},"Status":null,"IsDC":true,"DomainSID":"S-1-5-21-2158876063-2930955257-1391117225","Aces":[{"PrincipalSID":"S-1-5-21-2158876063-2930955257-1391117225-512","PrincipalType":"Group","RightName":"Owns","IsInherited":false},{"PrincipalSID":"S-1-5-21-2158876063-2930955257-1391117225-512","PrincipalType":"Group","RightName":"GenericAll","IsInherited":false},{"PrincipalSID":"S-1-5-21-2158876063-2930955257-1391117225-526","PrincipalType":"Group","RightName":"AddKeyCredentialLink","IsInherited":true},{"PrincipalSID":"S-1-5-21-2158876063-2930955257-1391117225-527","PrincipalType":"Group","RightName":"AddKeyCredentialLink","IsInherited":true},{"PrincipalSID":"S-1-5-21-2158876063-2930955257-1391117225-519","PrincipalType":"Group","RightName":"GenericAll","IsInherited":true},{"PrincipalSID":"ESSOS.LOCAL-S-1-5-32-544","PrincipalType":"Group","RightName":"WriteDacl","IsInherited":true},{"PrincipalSID":"ESSOS.LOCAL-S-1-5-32-544","PrincipalType":"Group","RightName":"WriteOwner","IsInherited":true},{"PrincipalSID":"ESSOS.LOCAL-S-1-5-32-544","PrincipalType":"Group","RightName":"GenericWrite","IsInherited":true}],"ObjectIdentifier":"S-1-5-21-2158876063-2930955257-1391117225-1001","IsDeleted":false,"IsACLProtected":false,"ContainedBy":{"ObjectIdentifier":"C2CFDDF5-408C-4A5F-8E38-F2290FC8BAB8","ObjectType":"OU"}}],"meta":{"methods":521215,"type":"computers","count":2,"version":6}}