{"data":[{"Properties":{"domain":"ESSOS.LOCAL","name":"ESSOS-CA@ESSOS.LOCAL","distinguishedname":"CN=ESSOS-CA,CN=CERTIFICATION AUTHORITIES,CN=PUBLIC KEY SERVICES,CN=SERVICES,CN=CONFIGURATION,DC=ESSOS,DC=LOCAL","domainsid":"S-1-5-21-2158876063-2930955257-1391117225","isaclprotected":false,"description":null,"whencreated":1712584259,"certthumbprint":"AAF28A59F052B6CB1243FBF0C5DAE376CEDC4C60","certname":"AAF28A59F052B6CB1243FBF0C5DAE376CEDC4C60","certchain":["AAF28A59F052B6CB1243FBF0C5DAE376CEDC4C60"],"hasbasicconstraints":false,"basicconstraintpathlength":0},"DomainSID":"S-1-5-21-2158876063-2930955257-1391117225","Aces":[{"PrincipalSID":"S-1-5-21-2158876063-2930955257-1391117225-519","PrincipalType":"Group","RightName":"Owns","IsInherited":false},{"PrincipalSID":"ESSOS.LOCAL-S-1-5-32-544","PrincipalType":"Group","RightName":"GenericAll","IsInherited":false},{"PrincipalSID":"S-1-5-21-2158876063-2930955257-1391117225-512","PrincipalType":"Group","RightName":"GenericAll","IsInherited":false},{"PrincipalSID":"S-1-5-21-2158876063-2930955257-1391117225-517","PrincipalType":"Group","RightName":"GenericAll","IsInherited":false},{"PrincipalSID":"S-1-5-21-2158876063-2930955257-1391117225-519","PrincipalType":"Group","RightName":"GenericAll","IsInherited":false},{"PrincipalSID":"S-1-5-21-2158876063-2930955257-1391117225-519","PrincipalType":"Group","RightName":"GenericAll","IsInherited":true},{"PrincipalSID":"S-1-5-21-2158876063-2930955257-1391117225-512","PrincipalType":"Group","RightName":"WriteDacl","IsInherited":true},{"PrincipalSID":"S-1-5-21-2158876063-2930955257-1391117225-512","PrincipalType":"Group","RightName":"WriteOwner","IsInherited":true}],"ObjectIdentifier":"43BF18E7-AF5F-4DD4-9911-244B6B74CDE7","IsDeleted":false,"IsACLProtected":false,"ContainedBy":{"ObjectIdentifier":"16A20E45-6F16-4546-BB10-F5C1CEE3C070","ObjectType":"Container"}}],"meta":{"methods":521215,"type":"rootcas","count":1,"version":6}}