{"data":[{"Properties":{"domain":"ESSOS.LOCAL","name":"ESSOS-CA@ESSOS.LOCAL","distinguishedname":"CN=ESSOS-CA,CN=ENROLLMENT SERVICES,CN=PUBLIC KEY SERVICES,CN=SERVICES,CN=CONFIGURATION,DC=ESSOS,DC=LOCAL","domainsid":"S-1-5-21-2158876063-2930955257-1391117225","isaclprotected":false,"description":null,"whencreated":1712584259,"flags":"SUPPORTS_NT_AUTHENTICATION, CA_SERVERTYPE_ADVANCED","caname":"ESSOS-CA","dnshostname":"braavos.essos.local","certthumbprint":"AAF28A59F052B6CB1243FBF0C5DAE376CEDC4C60","certname":"AAF28A59F052B6CB1243FBF0C5DAE376CEDC4C60","certchain":["AAF28A59F052B6CB1243FBF0C5DAE376CEDC4C60"],"hasbasicconstraints":false,"basicconstraintpathlength":0,"casecuritycollected":true,"enrollmentagentrestrictionscollected":true,"isuserspecifiessanenabledcollected":true},"HostingComputer":"S-1-5-21-2158876063-2930955257-1391117225-1104","CARegistryData":{"CASecurity":{"Data":[{"PrincipalSID":"S-1-5-21-2158876063-2930955257-1391117225-1104-544","PrincipalType":"LocalGroup","RightName":"Owns","IsInherited":false},{"PrincipalSID":"ESSOS.LOCAL-S-1-5-11","PrincipalType":"Group","RightName":"Enroll","IsInherited":false},{"PrincipalSID":"S-1-5-21-2158876063-2930955257-1391117225-1104-544","PrincipalType":"LocalGroup","RightName":"ManageCA","IsInherited":false},{"PrincipalSID":"S-1-5-21-2158876063-2930955257-1391117225-1104-544","PrincipalType":"LocalGroup","RightName":"ManageCertificates","IsInherited":false},{"PrincipalSID":"S-1-5-21-2158876063-2930955257-1391117225-512","PrincipalType":"Group","RightName":"ManageCA","IsInherited":false},{"PrincipalSID":"S-1-5-21-2158876063-2930955257-1391117225-512","PrincipalType":"Group","RightName":"ManageCertificates","IsInherited":false},{"PrincipalSID":"S-1-5-21-2158876063-2930955257-1391117225-519","PrincipalType":"Group","RightName":"ManageCA","IsInherited":false},{"PrincipalSID":"S-1-5-21-2158876063-2930955257-1391117225-519","PrincipalType":"Group","RightName":"ManageCertificates","IsInherited":false}],"Collected":true,"FailureReason":null},"EnrollmentAgentRestrictions":{"Restrictions":[],"Collected":true,"FailureReason":null},"IsUserSpecifiesSanEnabled":{"Value":true,"Collected":true,"FailureReason":null}},"EnabledCertTemplates":[{"ObjectIdentifier":"B2530B11-4340-4FB1-B6FC-266B272E84D5","ObjectType":"CertTemplate"},{"ObjectIdentifier":"95C0B782-EAB3-4C4C-8E16-16D1C4A296C0","ObjectType":"CertTemplate"},{"ObjectIdentifier":"DF8359C3-283D-4D51-B041-80E48606F1CD","ObjectType":"CertTemplate"},{"ObjectIdentifier":"169C96C2-0FF1-4A9C-A9E8-AC1C56061DCB","ObjectType":"CertTemplate"},{"ObjectIdentifier":"372C104B-2005-44BE-8226-7AD75F9B2790","ObjectType":"CertTemplate"},{"ObjectIdentifier":"3A3E3468-4542-41DA-8E62-1C8A58966946","ObjectType":"CertTemplate"},{"ObjectIdentifier":"BD8E3BF7-0A6D-4407-BA74-35507D4F219B","ObjectType":"CertTemplate"},{"ObjectIdentifier":"D022FE5A-091E-42ED-9888-C29DE67B30AB","ObjectType":"CertTemplate"},{"ObjectIdentifier":"9A674D22-3F9F-4284-818B-A7D4BEA2B22B","ObjectType":"CertTemplate"},{"ObjectIdentifier":"493669A7-C63C-4ABE-8753-24BD13EF8FFA","ObjectType":"CertTemplate"},{"ObjectIdentifier":"184D540B-0ABE-4DDF-BBA1-A780ABAFA867","ObjectType":"CertTemplate"},{"ObjectIdentifier":"DB8861A4-533F-4906-B99D-5566DC9A84E8","ObjectType":"CertTemplate"},{"ObjectIdentifier":"82956675-76CF-4BB2-A6C3-D7B9AF034755","ObjectType":"CertTemplate"},{"ObjectIdentifier":"35A9F43E-2625-4CAD-913C-0BCD43CA5B8B","ObjectType":"CertTemplate"},{"ObjectIdentifier":"A474F744-74A9-4D95-B51A-F110B49A3ED4","ObjectType":"CertTemplate"},{"ObjectIdentifier":"FF53DC0B-6BF3-41C8-9F32-D141296DAB72","ObjectType":"CertTemplate"}],"Aces":[{"PrincipalSID":"S-1-5-21-2158876063-2930955257-1391117225-519","PrincipalType":"Group","RightName":"Owns","IsInherited":false},{"PrincipalSID":"S-1-5-21-2158876063-2930955257-1391117225-519","PrincipalType":"Group","RightName":"WriteDacl","IsInherited":false},{"PrincipalSID":"S-1-5-21-2158876063-2930955257-1391117225-519","PrincipalType":"Group","RightName":"WriteOwner","IsInherited":false},{"PrincipalSID":"S-1-5-21-2158876063-2930955257-1391117225-519","PrincipalType":"Group","RightName":"ManageCA","IsInherited":false},{"PrincipalSID":"S-1-5-21-2158876063-2930955257-1391117225-519","PrincipalType":"Group","RightName":"ManageCertificates","IsInherited":false},{"PrincipalSID":"S-1-5-21-2158876063-2930955257-1391117225-1104","PrincipalType":"Computer","RightName":"WriteDacl","IsInherited":false},{"PrincipalSID":"S-1-5-21-2158876063-2930955257-1391117225-1104","PrincipalType":"Computer","RightName":"WriteOwner","IsInherited":false},{"PrincipalSID":"S-1-5-21-2158876063-2930955257-1391117225-1104","PrincipalType":"Computer","RightName":"ManageCA","IsInherited":false},{"PrincipalSID":"S-1-5-21-2158876063-2930955257-1391117225-1104","PrincipalType":"Computer","RightName":"ManageCertificates","IsInherited":false},{"PrincipalSID":"ESSOS.LOCAL-S-1-5-11","PrincipalType":"Group","RightName":"Enroll","IsInherited":false},{"PrincipalSID":"S-1-5-21-2158876063-2930955257-1391117225-519","PrincipalType":"Group","RightName":"GenericAll","IsInherited":true},{"PrincipalSID":"S-1-5-21-2158876063-2930955257-1391117225-512","PrincipalType":"Group","RightName":"WriteDacl","IsInherited":true},{"PrincipalSID":"S-1-5-21-2158876063-2930955257-1391117225-512","PrincipalType":"Group","RightName":"WriteOwner","IsInherited":true},{"PrincipalSID":"S-1-5-21-2158876063-2930955257-1391117225-512","PrincipalType":"Group","RightName":"ManageCA","IsInherited":true}],"ObjectIdentifier":"B3AB8A9C-9C4C-46F6-9809-88DA6A53F57D","IsDeleted":false,"IsACLProtected":false,"ContainedBy":{"ObjectIdentifier":"0FFC8699-321F-4F47-A5BD-2345209AD19C","ObjectType":"Container"}}],"meta":{"methods":521215,"type":"enterprisecas","count":1,"version":6}}