{"data":[{"Properties":{"domain":"SEVENKINGDOMS.LOCAL","name":"SEVENKINGDOMS-CA@SEVENKINGDOMS.LOCAL","distinguishedname":"CN=SEVENKINGDOMS-CA,CN=ENROLLMENT SERVICES,CN=PUBLIC KEY SERVICES,CN=SERVICES,CN=CONFIGURATION,DC=SEVENKINGDOMS,DC=LOCAL","domainsid":"S-1-5-21-1032618810-739172636-1489167904","isaclprotected":false,"description":null,"whencreated":1712584266,"flags":"SUPPORTS_NT_AUTHENTICATION, CA_SERVERTYPE_ADVANCED","caname":"SEVENKINGDOMS-CA","dnshostname":"kingslanding.sevenkingdoms.local","certthumbprint":"DEBCCEB7B4BF849875D9B7CDB4285D3A81A4AB8D","certname":"DEBCCEB7B4BF849875D9B7CDB4285D3A81A4AB8D","certchain":["DEBCCEB7B4BF849875D9B7CDB4285D3A81A4AB8D"],"hasbasicconstraints":false,"basicconstraintpathlength":0,"casecuritycollected":true,"enrollmentagentrestrictionscollected":true,"isuserspecifiessanenabledcollected":true},"HostingComputer":"S-1-5-21-1032618810-739172636-1489167904-1001","CARegistryData":{"CASecurity":{"Data":[{"PrincipalSID":"SEVENKINGDOMS.LOCAL-S-1-5-32-544","PrincipalType":"Group","RightName":"Owns","IsInherited":false},{"PrincipalSID":"SEVENKINGDOMS.LOCAL-S-1-5-11","PrincipalType":"Group","RightName":"Enroll","IsInherited":false},{"PrincipalSID":"SEVENKINGDOMS.LOCAL-S-1-5-32-544","PrincipalType":"Group","RightName":"ManageCA","IsInherited":false},{"PrincipalSID":"SEVENKINGDOMS.LOCAL-S-1-5-32-544","PrincipalType":"Group","RightName":"ManageCertificates","IsInherited":false},{"PrincipalSID":"S-1-5-21-1032618810-739172636-1489167904-512","PrincipalType":"Group","RightName":"ManageCA","IsInherited":false},{"PrincipalSID":"S-1-5-21-1032618810-739172636-1489167904-512","PrincipalType":"Group","RightName":"ManageCertificates","IsInherited":false},{"PrincipalSID":"S-1-5-21-1032618810-739172636-1489167904-519","PrincipalType":"Base","RightName":"ManageCA","IsInherited":false},{"PrincipalSID":"S-1-5-21-1032618810-739172636-1489167904-519","PrincipalType":"Base","RightName":"ManageCertificates","IsInherited":false}],"Collected":true,"FailureReason":null},"EnrollmentAgentRestrictions":{"Restrictions":[],"Collected":true,"FailureReason":null},"IsUserSpecifiesSanEnabled":{"Value":false,"Collected":true,"FailureReason":null}},"EnabledCertTemplates":[{"ObjectIdentifier":"37F4D681-2FE8-4B4B-BD82-E6682B6EECA9","ObjectType":"CertTemplate"},{"ObjectIdentifier":"5B8318E0-CBB4-4910-B491-562B64106FB1","ObjectType":"CertTemplate"},{"ObjectIdentifier":"6F2A653D-6872-4461-A84A-574BC26C295C","ObjectType":"CertTemplate"},{"ObjectIdentifier":"C4C2A2F1-4FC2-43F6-B7FF-4A8AA2B41CD1","ObjectType":"CertTemplate"},{"ObjectIdentifier":"746BD429-B645-40EE-9791-FE0B9937F2BD","ObjectType":"CertTemplate"},{"ObjectIdentifier":"3FFB76A8-0435-4F65-8FCC-E23BFC7840C9","ObjectType":"CertTemplate"},{"ObjectIdentifier":"AB120ED3-1387-4B64-9F65-6257C0F1A999","ObjectType":"CertTemplate"},{"ObjectIdentifier":"1DD10CFD-E6BD-46A7-AC7F-4B8AA4F3BD27","ObjectType":"CertTemplate"},{"ObjectIdentifier":"3A734D26-2224-45F0-8E14-DBF96F1512B1","ObjectType":"CertTemplate"},{"ObjectIdentifier":"E981FBD3-3AA9-440E-A83C-9BB3674CFB3F","ObjectType":"CertTemplate"},{"ObjectIdentifier":"E07F22AA-7053-422D-A80E-34AFBB05E7E6","ObjectType":"CertTemplate"}],"Aces":[{"PrincipalSID":"S-1-5-21-1032618810-739172636-1489167904-519","PrincipalType":"Base","RightName":"Owns","IsInherited":false},{"PrincipalSID":"S-1-5-21-1032618810-739172636-1489167904-519","PrincipalType":"Base","RightName":"WriteDacl","IsInherited":false},{"PrincipalSID":"S-1-5-21-1032618810-739172636-1489167904-519","PrincipalType":"Base","RightName":"WriteOwner","IsInherited":false},{"PrincipalSID":"S-1-5-21-1032618810-739172636-1489167904-519","PrincipalType":"Base","RightName":"ManageCA","IsInherited":false},{"PrincipalSID":"S-1-5-21-1032618810-739172636-1489167904-519","PrincipalType":"Base","RightName":"ManageCertificates","IsInherited":false},{"PrincipalSID":"S-1-5-21-1032618810-739172636-1489167904-1001","PrincipalType":"Computer","RightName":"WriteDacl","IsInherited":false},{"PrincipalSID":"S-1-5-21-1032618810-739172636-1489167904-1001","PrincipalType":"Computer","RightName":"WriteOwner","IsInherited":false},{"PrincipalSID":"S-1-5-21-1032618810-739172636-1489167904-1001","PrincipalType":"Computer","RightName":"ManageCA","IsInherited":false},{"PrincipalSID":"S-1-5-21-1032618810-739172636-1489167904-1001","PrincipalType":"Computer","RightName":"ManageCertificates","IsInherited":false},{"PrincipalSID":"SEVENKINGDOMS.LOCAL-S-1-5-11","PrincipalType":"Group","RightName":"Enroll","IsInherited":false},{"PrincipalSID":"S-1-5-21-1032618810-739172636-1489167904-519","PrincipalType":"Base","RightName":"GenericAll","IsInherited":true},{"PrincipalSID":"S-1-5-21-1032618810-739172636-1489167904-512","PrincipalType":"Group","RightName":"WriteDacl","IsInherited":true},{"PrincipalSID":"S-1-5-21-1032618810-739172636-1489167904-512","PrincipalType":"Group","RightName":"WriteOwner","IsInherited":true},{"PrincipalSID":"S-1-5-21-1032618810-739172636-1489167904-512","PrincipalType":"Group","RightName":"ManageCA","IsInherited":true}],"ObjectIdentifier":"E6242737-860B-4720-9B41-F2DB1885EA5D","IsDeleted":false,"IsACLProtected":false,"ContainedBy":{"ObjectIdentifier":"BA7897A0-BFEB-4894-AB42-10805300C990","ObjectType":"Container"}}],"meta":{"methods":521215,"type":"enterprisecas","count":1,"version":6}}