{"data":[{"GPOChanges":{"LocalAdmins":[],"RemoteDesktopUsers":[],"DcomUsers":[],"PSRemoteUsers":[],"AffectedComputers":[{"ObjectIdentifier":"S-1-5-21-1252223512-2665318757-2669098637-1001","ObjectType":"Computer"}]},"Properties":{"domain":"NORTH.SEVENKINGDOMS.LOCAL","name":"DOMAIN CONTROLLERS@NORTH.SEVENKINGDOMS.LOCAL","distinguishedname":"OU=DOMAIN CONTROLLERS,DC=NORTH,DC=SEVENKINGDOMS,DC=LOCAL","domainsid":"S-1-5-21-1252223512-2665318757-2669098637","isaclprotected":false,"description":"Default container for domain controllers","whencreated":1712582044,"blocksinheritance":false},"Links":[{"IsEnforced":false,"GUID":"55AA7BCC-9E35-4F7F-9F34-5D59D0C408E5"}],"ChildObjects":[],"Aces":[{"PrincipalSID":"S-1-5-21-1252223512-2665318757-2669098637-512","PrincipalType":"Group","RightName":"Owns","IsInherited":false},{"PrincipalSID":"S-1-5-21-1252223512-2665318757-2669098637-512","PrincipalType":"Group","RightName":"WriteDacl","IsInherited":false},{"PrincipalSID":"S-1-5-21-1252223512-2665318757-2669098637-512","PrincipalType":"Group","RightName":"WriteOwner","IsInherited":false},{"PrincipalSID":"S-1-5-21-1032618810-739172636-1489167904-519","PrincipalType":"Group","RightName":"GenericAll","IsInherited":true},{"PrincipalSID":"NORTH.SEVENKINGDOMS.LOCAL-S-1-5-32-544","PrincipalType":"Group","RightName":"WriteDacl","IsInherited":true},{"PrincipalSID":"NORTH.SEVENKINGDOMS.LOCAL-S-1-5-32-544","PrincipalType":"Group","RightName":"WriteOwner","IsInherited":true}],"ObjectIdentifier":"592271DB-1F00-4221-918C-00CD275C0A50","IsDeleted":false,"IsACLProtected":false,"ContainedBy":{"ObjectIdentifier":"S-1-5-21-1252223512-2665318757-2669098637","ObjectType":"Domain"}}],"meta":{"methods":521215,"type":"ous","count":1,"version":6}}